﻿OLMC,cdname,cduid,csd_census_pop,sh_csd_census_pop,csd_ps_pop,sh_csd_ps_pop,csd_appl,sh_csd_appl,OLMC_census_pop,sh_OLMC_census_pop,OLMC_ps_pop,sh_OLMC_ps_pop,OLMC_appl,sh_OLMC_appl,CAN_census_pop,sh_CAN_census_pop,CAN_ps_pop,sh_CAN_ps_pop,CAN_appl,sh_CAN_appl,FOL_csd_census_pop,sh_FOL_csd_census_pop,FOL_csd_ps_pop,sh_FOL_csd_ps_pop,FOL_csd_appl,sh_FOL_csd_appl,FOL_OLMC_census_pop,sh_FOL_OLMC_census_pop,FOL_OLMC_ps_pop,sh_FOL_OLMC_ps_pop,FOL_OLMC_appl,sh_FOL_OLMC_appl,FOL_CAN_census_pop,sh_FOL_CAN_census_pop,FOL_CAN_ps_pop,sh_FOL_CAN_ps_pop,FOL_CAN_appl,sh_FOL_CAN_appl
N/A,Division No.  1,1001,13135,7%,74,3%,720,13%,.,.,.,.,.,.,4948830,21%,77529,44%,140643,40%,990,1%,23,1%,69,1%,.,.,.,.,.,.,1607390,7%,37000,21%,36077,10%
N/A,Division No.  2,1002,345,3%,4,13%,7,5%,.,.,.,.,.,.,4948830,21%,77529,44%,140643,40%,35,0%,0,0%,1,1%,.,.,.,.,.,.,1607390,7%,37000,21%,36077,10%
N/A,Division No.  3,1003,145,1%,1,6%,17,15%,.,.,.,.,.,.,4948830,21%,77529,44%,140643,40%,15,0%,0,0%,2,2%,.,.,.,.,.,.,1607390,7%,37000,21%,36077,10%
N/A,Division No.  4,1004,740,6%,0,0%,11,8%,.,.,.,.,.,.,4948830,21%,77529,44%,140643,40%,155,1%,0,0%,0,0%,.,.,.,.,.,.,1607390,7%,37000,21%,36077,10%
N/A,Division No.  5,1005,1065,4%,1,1%,50,11%,.,.,.,.,.,.,4948830,21%,77529,44%,140643,40%,95,0%,2,3%,2,0%,.,.,.,.,.,.,1607390,7%,37000,21%,36077,10%
N/A,Division No.  6,1006,1165,5%,7,6%,48,12%,.,.,.,.,.,.,4948830,21%,77529,44%,140643,40%,100,0%,4,3%,3,1%,.,.,.,.,.,.,1607390,7%,37000,21%,36077,10%
N/A,Division No.  7,1007,450,2%,1,3%,17,9%,.,.,.,.,.,.,4948830,21%,77529,44%,140643,40%,35,0%,0,0%,1,1%,.,.,.,.,.,.,1607390,7%,37000,21%,36077,10%
N/A,Division No.  8,1008,315,1%,0,0%,13,9%,.,.,.,.,.,.,4948830,21%,77529,44%,140643,40%,25,0%,0,0%,3,2%,.,.,.,.,.,.,1607390,7%,37000,21%,36077,10%
N/A,Division No.  9,1009,170,2%,1,2%,1,1%,.,.,.,.,.,.,4948830,21%,77529,44%,140643,40%,20,0%,0,0%,0,0%,.,.,.,.,.,.,1607390,7%,37000,21%,36077,10%
N/A,Division No. 10,1010,1335,8%,1,1%,37,11%,.,.,.,.,.,.,4948830,21%,77529,44%,140643,40%,370,2%,2,2%,6,2%,.,.,.,.,.,.,1607390,7%,37000,21%,36077,10%
N/A,Division No. 11,1011,15,1%,0,0%,0,0%,.,.,.,.,.,.,4948830,21%,77529,44%,140643,40%,10,1%,0,0%,0,0%,.,.,.,.,.,.,1607390,7%,37000,21%,36077,10%
N/A,Kings,1101,655,6%,0,0%,49,14%,.,.,.,.,.,.,4948830,21%,77529,44%,140643,40%,115,1%,0,0%,5,1%,.,.,.,.,.,.,1607390,7%,37000,21%,36077,10%
N/A,Queens,1102,7495,14%,368,28%,770,23%,.,.,.,.,.,.,4948830,21%,77529,44%,140643,40%,1170,2%,114,9%,110,3%,.,.,.,.,.,.,1607390,7%,37000,21%,36077,10%
N/A,Prince,1103,3850,14%,16,27%,180,23%,.,.,.,.,.,.,4948830,21%,77529,44%,140643,40%,1665,6%,5,8%,47,6%,.,.,.,.,.,.,1607390,7%,37000,21%,36077,10%
N/A,Shelburne,1201,515,6%,0,0%,11,21%,.,.,.,.,.,.,4948830,21%,77529,44%,140643,40%,105,1%,1,3%,0,0%,.,.,.,.,.,.,1607390,7%,37000,21%,36077,10%
OLMCs of Nova Scotia,Yarmouth,1202,4615,30%,15,29%,39,36%,49130,15%,650,11%,1854,22%,4948830,21%,77529,44%,140643,40%,2710,18%,10,19%,12,11%,15920,5%,301,5%,394,5%,1607390,7%,37000,21%,36077,10%
OLMCs of Nova Scotia,Digby,1203,4175,39%,3,11%,31,35%,49130,15%,650,11%,1854,22%,4948830,21%,77529,44%,140643,40%,3165,29%,0,0%,16,18%,15920,5%,301,5%,394,5%,1607390,7%,37000,21%,36077,10%
N/A,Queens,1204,310,5%,0,0%,10,20%,.,.,.,.,.,.,4948830,21%,77529,44%,140643,40%,40,1%,0,0%,0,0%,.,.,.,.,.,.,1607390,7%,37000,21%,36077,10%
N/A,Annapolis,1205,945,8%,0,0%,84,15%,.,.,.,.,.,.,4948830,21%,77529,44%,140643,40%,235,2%,0,0%,18,3%,.,.,.,.,.,.,1607390,7%,37000,21%,36077,10%
N/A,Lunenburg,1206,1860,6%,0,0%,61,17%,.,.,.,.,.,.,4948830,21%,77529,44%,140643,40%,355,1%,1,2%,8,2%,.,.,.,.,.,.,1607390,7%,37000,21%,36077,10%
N/A,Kings,1207,3405,9%,16,4%,199,14%,.,.,.,.,.,.,4948830,21%,77529,44%,140643,40%,815,2%,12,3%,46,3%,.,.,.,.,.,.,1607390,7%,37000,21%,36077,10%
N/A,Hants,1208,1830,7%,0,0%,70,13%,.,.,.,.,.,.,4948830,21%,77529,44%,140643,40%,355,1%,0,0%,10,2%,.,.,.,.,.,.,1607390,7%,37000,21%,36077,10%
OLMCs of Nova Scotia,Halifax,1209,36695,13%,622,11%,1727,21%,49130,15%,650,11%,1854,22%,4948830,21%,77529,44%,140643,40%,7870,3%,282,5%,348,4%,15920,5%,301,5%,394,5%,1607390,7%,37000,21%,36077,10%
N/A,Colchester,1210,2085,7%,11,5%,73,13%,.,.,.,.,.,.,4948830,21%,77529,44%,140643,40%,350,1%,6,3%,14,2%,.,.,.,.,.,.,1607390,7%,37000,21%,36077,10%
N/A,Cumberland,1211,925,5%,38,7%,33,8%,.,.,.,.,.,.,4948830,21%,77529,44%,140643,40%,210,1%,27,5%,7,2%,.,.,.,.,.,.,1607390,7%,37000,21%,36077,10%
N/A,Pictou,1212,1385,5%,0,0%,43,15%,.,.,.,.,.,.,4948830,21%,77529,44%,140643,40%,225,1%,0,0%,4,1%,.,.,.,.,.,.,1607390,7%,37000,21%,36077,10%
N/A,Guysborough,1213,145,3%,2,10%,3,10%,.,.,.,.,.,.,4948830,21%,77529,44%,140643,40%,35,1%,1,5%,0,0%,.,.,.,.,.,.,1607390,7%,37000,21%,36077,10%
N/A,Antigonish,1214,1295,11%,3,14%,24,19%,.,.,.,.,.,.,4948830,21%,77529,44%,140643,40%,300,2%,0,0%,0,0%,.,.,.,.,.,.,1607390,7%,37000,21%,36077,10%
OLMCs of Nova Scotia,Inverness,1215,2015,20%,10,31%,30,33%,49130,15%,650,11%,1854,22%,4948830,21%,77529,44%,140643,40%,1265,12%,7,22%,9,10%,15920,5%,301,5%,394,5%,1607390,7%,37000,21%,36077,10%
OLMCs of Nova Scotia,Richmond,1216,1630,30%,0,0%,30,39%,49130,15%,650,11%,1854,22%,4948830,21%,77529,44%,140643,40%,910,17%,2,50%,10,13%,15920,5%,301,5%,394,5%,1607390,7%,37000,21%,36077,10%
N/A,Cape Breton,1217,2855,5%,241,31%,338,10%,.,.,.,.,.,.,4948830,21%,77529,44%,140643,40%,445,1%,93,12%,51,2%,.,.,.,.,.,.,1607390,7%,37000,21%,36077,10%
N/A,Victoria,1218,160,4%,0,0%,11,16%,.,.,.,.,.,.,4948830,21%,77529,44%,140643,40%,50,1%,0,0%,1,1%,.,.,.,.,.,.,1607390,7%,37000,21%,36077,10%
N/A,Saint John,1301,6850,14%,84,35%,221,28%,.,.,.,.,.,.,4948830,21%,77529,44%,140643,40%,1875,4%,53,22%,52,7%,.,.,.,.,.,.,1607390,7%,37000,21%,36077,10%
N/A,Charlotte,1302,1460,9%,31,14%,59,23%,.,.,.,.,.,.,4948830,21%,77529,44%,140643,40%,315,2%,11,5%,9,3%,.,.,.,.,.,.,1607390,7%,37000,21%,36077,10%
Northern New Brunswick,Sunbury,1303,4235,22%,72,9%,413,28%,172960,65%,2871,55%,6225,61%,4948830,21%,77529,44%,140643,40%,1975,10%,49,6%,186,13%,144740,54%,2403,46%,4430,44%,1607390,7%,37000,21%,36077,10%
N/A,Queens,1304,625,10%,16,42%,37,18%,.,.,.,.,.,.,4948830,21%,77529,44%,140643,40%,180,3%,6,16%,9,4%,.,.,.,.,.,.,1607390,7%,37000,21%,36077,10%
N/A,Kings,1305,8325,19%,1,6%,220,32%,.,.,.,.,.,.,4948830,21%,77529,44%,140643,40%,1520,3%,1,6%,33,5%,.,.,.,.,.,.,1607390,7%,37000,21%,36077,10%
N/A,Albert,1306,5080,27%,8,100%,256,45%,.,.,.,.,.,.,4948830,21%,77529,44%,140643,40%,1445,8%,6,75%,70,12%,.,.,.,.,.,.,1607390,7%,37000,21%,36077,10%
Northern New Brunswick,Westmorland,1307,56315,57%,1890,69%,2985,75%,172960,65%,2871,55%,6225,61%,4948830,21%,77529,44%,140643,40%,42260,43%,1638,60%,2179,54%,144740,54%,2403,46%,4430,44%,1607390,7%,37000,21%,36077,10%
Northern New Brunswick,Kent,1308,15025,78%,13,72%,508,85%,172960,65%,2871,55%,6225,61%,4948830,21%,77529,44%,140643,40%,13235,69%,10,56%,422,71%,144740,54%,2403,46%,4430,44%,1607390,7%,37000,21%,36077,10%
Northern New Brunswick,Northumberland,1309,8770,31%,429,38%,708,32%,172960,65%,2871,55%,6225,61%,4948830,21%,77529,44%,140643,40%,6360,23%,309,27%,348,16%,144740,54%,2403,46%,4430,44%,1607390,7%,37000,21%,36077,10%
N/A,York,1310,15445,24%,398,59%,1060,40%,.,.,.,.,.,.,4948830,21%,77529,44%,140643,40%,4930,8%,204,30%,342,13%,.,.,.,.,.,.,1607390,7%,37000,21%,36077,10%
N/A,Carleton,1311,1740,10%,32,32%,56,25%,.,.,.,.,.,.,4948830,21%,77529,44%,140643,40%,345,2%,11,11%,11,5%,.,.,.,.,.,.,1607390,7%,37000,21%,36077,10%
Northern New Brunswick,Victoria,1312,6195,53%,32,67%,118,75%,172960,65%,2871,55%,6225,61%,4948830,21%,77529,44%,140643,40%,5175,44%,23,48%,88,56%,144740,54%,2403,46%,4430,44%,1607390,7%,37000,21%,36077,10%
Northern New Brunswick,Madawaska,1313,20560,98%,77,99%,254,97%,172960,65%,2871,55%,6225,61%,4948830,21%,77529,44%,140643,40%,19675,94%,68,87%,229,88%,144740,54%,2403,46%,4430,44%,1607390,7%,37000,21%,36077,10%
Northern New Brunswick,Restigouche,1314,15315,79%,36,97%,175,84%,172960,65%,2871,55%,6225,61%,4948830,21%,77529,44%,140643,40%,12945,67%,26,70%,129,62%,144740,54%,2403,46%,4430,44%,1607390,7%,37000,21%,36077,10%
Northern New Brunswick,Gloucester,1315,46545,92%,322,73%,1065,87%,172960,65%,2871,55%,6225,61%,4948830,21%,77529,44%,140643,40%,43115,86%,280,64%,849,69%,144740,54%,2403,46%,4430,44%,1607390,7%,37000,21%,36077,10%
N/A,Les Îles-de-la-Madeleine,2401,2570,32%,29,81%,90,90%,.,.,.,.,.,.,4948830,21%,77529,44%,140643,40%,465,6%,3,8%,6,6%,.,.,.,.,.,.,1607390,7%,37000,21%,36077,10%
N/A,Le Rocher-Percé,2402,2470,23%,4,40%,31,66%,.,.,.,.,.,.,4948830,21%,77529,44%,140643,40%,710,7%,0,0%,1,2%,.,.,.,.,.,.,1607390,7%,37000,21%,36077,10%
N/A,La Côte-de-Gaspé,2403,4195,38%,39,67%,84,88%,.,.,.,.,.,.,4948830,21%,77529,44%,140643,40%,1050,10%,4,7%,10,11%,.,.,.,.,.,.,1607390,7%,37000,21%,36077,10%
N/A,La Haute-Gaspésie,2404,1195,17%,2,33%,21,75%,.,.,.,.,.,.,4948830,21%,77529,44%,140643,40%,40,1%,0,0%,1,4%,.,.,.,.,.,.,1607390,7%,37000,21%,36077,10%
OLMCs elsewhere in Quebec,Bonaventure,2405,4825,45%,4,67%,27,90%,54750,63%,17,74%,512,92%,4948830,21%,77529,44%,140643,40%,1565,15%,0,0%,4,13%,31890,37%,4,17%,195,35%,1607390,7%,37000,21%,36077,10%
OLMCs elsewhere in Quebec,Avignon,2406,4390,49%,1,100%,40,87%,54750,63%,17,74%,512,92%,4948830,21%,77529,44%,140643,40%,1630,18%,0,0%,16,35%,31890,37%,4,17%,195,35%,1607390,7%,37000,21%,36077,10%
N/A,La Matapédia,2407,1780,16%,0,0%,24,56%,.,.,.,.,.,.,4948830,21%,77529,44%,140643,40%,60,1%,1,33%,0,0%,.,.,.,.,.,.,1607390,7%,37000,21%,36077,10%
N/A,Matane,2408,2850,22%,115,38%,200,54%,.,.,.,.,.,.,4948830,21%,77529,44%,140643,40%,75,1%,3,1%,4,1%,.,.,.,.,.,.,1607390,7%,37000,21%,36077,10%
N/A,La Mitis,2409,2185,20%,114,44%,82,71%,.,.,.,.,.,.,4948830,21%,77529,44%,140643,40%,95,1%,9,3%,7,6%,.,.,.,.,.,.,1607390,7%,37000,21%,36077,10%
N/A,Rimouski-Neigette,2410,11250,31%,25,38%,344,78%,.,.,.,.,.,.,4948830,21%,77529,44%,140643,40%,365,1%,2,3%,9,2%,.,.,.,.,.,.,1607390,7%,37000,21%,36077,10%
N/A,Les Basques,2411,1000,20%,0,0%,11,61%,.,.,.,.,.,.,4948830,21%,77529,44%,140643,40%,20,0%,0,0%,0,0%,.,.,.,.,.,.,1607390,7%,37000,21%,36077,10%
N/A,Rivière-du-Loup,2412,5730,27%,9,30%,52,68%,.,.,.,.,.,.,4948830,21%,77529,44%,140643,40%,150,1%,1,3%,1,1%,.,.,.,.,.,.,1607390,7%,37000,21%,36077,10%
N/A,Témiscouata,2413,2185,18%,0,0%,21,68%,.,.,.,.,.,.,4948830,21%,77529,44%,140643,40%,90,1%,0,0%,0,0%,.,.,.,.,.,.,1607390,7%,37000,21%,36077,10%
N/A,Kamouraska,2414,2930,23%,0,0%,25,89%,.,.,.,.,.,.,4948830,21%,77529,44%,140643,40%,90,1%,1,50%,0,0%,.,.,.,.,.,.,1607390,7%,37000,21%,36077,10%
N/A,Charlevoix-Est,2415,1965,21%,0,0%,26,70%,.,.,.,.,.,.,4948830,21%,77529,44%,140643,40%,50,1%,0,0%,1,3%,.,.,.,.,.,.,1607390,7%,37000,21%,36077,10%
N/A,Charlevoix,2416,1885,25%,0,0%,20,77%,.,.,.,.,.,.,4948830,21%,77529,44%,140643,40%,60,1%,0,0%,1,4%,.,.,.,.,.,.,1607390,7%,37000,21%,36077,10%
N/A,L'Islet,2417,2125,20%,1,100%,17,74%,.,.,.,.,.,.,4948830,21%,77529,44%,140643,40%,50,0%,0,0%,1,4%,.,.,.,.,.,.,1607390,7%,37000,21%,36077,10%
N/A,Montmagny,2418,3085,23%,3,60%,39,70%,.,.,.,.,.,.,4948830,21%,77529,44%,140643,40%,75,1%,0,0%,1,2%,.,.,.,.,.,.,1607390,7%,37000,21%,36077,10%
N/A,Bellechasse,2419,6305,27%,0,0%,0,0%,.,.,.,.,.,.,4948830,21%,77529,44%,140643,40%,240,1%,0,0%,0,0%,.,.,.,.,.,.,1607390,7%,37000,21%,36077,10%
N/A,L'Île-d'Orléans,2420,1685,40%,3,100%,0,0%,.,.,.,.,.,.,4948830,21%,77529,44%,140643,40%,55,1%,1,33%,0,0%,.,.,.,.,.,.,1607390,7%,37000,21%,36077,10%
N/A,La Côte-de-Beaupré,2421,6880,39%,3,50%,167,72%,.,.,.,.,.,.,4948830,21%,77529,44%,140643,40%,215,1%,0,0%,2,1%,.,.,.,.,.,.,1607390,7%,37000,21%,36077,10%
N/A,La Jacques-Cartier,2422,15125,52%,475,49%,551,79%,.,.,.,.,.,.,4948830,21%,77529,44%,140643,40%,1185,4%,28,3%,29,4%,.,.,.,.,.,.,1607390,7%,37000,21%,36077,10%
City of Quebec,Québec,2423,187995,51%,1574,61%,6211,84%,187995,51%,1574,61%,6212,84%,4948830,21%,77529,44%,140643,40%,11275,3%,129,5%,264,4%,11275,3%,129,5%,264,4%,1607390,7%,37000,21%,36077,10%
N/A,Lévis,2425,41800,45%,5,20%,871,83%,.,.,.,.,.,.,4948830,21%,77529,44%,140643,40%,1340,1%,0,0%,19,2%,.,.,.,.,.,.,1607390,7%,37000,21%,36077,10%
N/A,La Nouvelle-Beauce,2426,7560,32%,0,0%,120,81%,.,.,.,.,.,.,4948830,21%,77529,44%,140643,40%,240,1%,0,0%,3,2%,.,.,.,.,.,.,1607390,7%,37000,21%,36077,10%
N/A,Robert-Cliche,2427,2985,26%,0,0%,0,0%,.,.,.,.,.,.,4948830,21%,77529,44%,140643,40%,100,1%,0,0%,0,0%,.,.,.,.,.,.,1607390,7%,37000,21%,36077,10%
N/A,Les Etchemins,2428,2480,25%,0,0%,18,82%,.,.,.,.,.,.,4948830,21%,77529,44%,140643,40%,105,1%,0,0%,0,0%,.,.,.,.,.,.,1607390,7%,37000,21%,36077,10%
N/A,Beauce-Sartigan,2429,10030,30%,10,56%,149,84%,.,.,.,.,.,.,4948830,21%,77529,44%,140643,40%,370,1%,1,6%,3,2%,.,.,.,.,.,.,1607390,7%,37000,21%,36077,10%
N/A,Le Granit,2430,3475,27%,12,100%,39,89%,.,.,.,.,.,.,4948830,21%,77529,44%,140643,40%,190,1%,3,25%,2,5%,.,.,.,.,.,.,1607390,7%,37000,21%,36077,10%
N/A,Les Appalaches,2431,6400,26%,11,22%,169,68%,.,.,.,.,.,.,4948830,21%,77529,44%,140643,40%,360,1%,1,2%,6,2%,.,.,.,.,.,.,1607390,7%,37000,21%,36077,10%
N/A,L'Érable,2432,3460,24%,0,0%,45,80%,.,.,.,.,.,.,4948830,21%,77529,44%,140643,40%,130,1%,0,0%,1,2%,.,.,.,.,.,.,1607390,7%,37000,21%,36077,10%
N/A,Lotbinière,2433,5720,28%,0,0%,0,0%,.,.,.,.,.,.,4948830,21%,77529,44%,140643,40%,185,1%,0,0%,0,0%,.,.,.,.,.,.,1607390,7%,37000,21%,36077,10%
N/A,Portneuf,2434,10775,33%,89,23%,344,72%,.,.,.,.,.,.,4948830,21%,77529,44%,140643,40%,375,1%,0,0%,8,2%,.,.,.,.,.,.,1607390,7%,37000,21%,36077,10%
N/A,Mékinac,2435,1575,22%,0,0%,0,0%,.,.,.,.,.,.,4948830,21%,77529,44%,140643,40%,50,1%,0,0%,0,0%,.,.,.,.,.,.,1607390,7%,37000,21%,36077,10%
N/A,Shawinigan,2436,8525,29%,51,19%,323,66%,.,.,.,.,.,.,4948830,21%,77529,44%,140643,40%,425,1%,2,1%,20,4%,.,.,.,.,.,.,1607390,7%,37000,21%,36077,10%
N/A,Francheville,2437,36430,38%,23,42%,954,70%,.,.,.,.,.,.,4948830,21%,77529,44%,140643,40%,1670,2%,0,0%,38,3%,.,.,.,.,.,.,1607390,7%,37000,21%,36077,10%
N/A,Bécancour,2438,3975,31%,1,100%,58,73%,.,.,.,.,.,.,4948830,21%,77529,44%,140643,40%,140,1%,0,0%,1,1%,.,.,.,.,.,.,1607390,7%,37000,21%,36077,10%
N/A,Arthabaska,2439,14145,32%,1,14%,117,79%,.,.,.,.,.,.,4948830,21%,77529,44%,140643,40%,550,1%,0,0%,2,1%,.,.,.,.,.,.,1607390,7%,37000,21%,36077,10%
N/A,Les Sources,2440,2560,31%,0,0%,16,80%,.,.,.,.,.,.,4948830,21%,77529,44%,140643,40%,290,4%,0,0%,3,15%,.,.,.,.,.,.,1607390,7%,37000,21%,36077,10%
Sherbrooke Area,Le Haut-Saint-François,2441,5745,41%,3,100%,49,82%,110160,56%,482,59%,1617,90%,4948830,21%,77529,44%,140643,40%,1460,10%,0,0%,9,15%,20700,11%,53,6%,218,12%,1607390,7%,37000,21%,36077,10%
N/A,Le Val-Saint-François,2442,8480,44%,0,0%,68,89%,.,.,.,.,.,.,4948830,21%,77529,44%,140643,40%,1460,8%,0,0%,11,14%,.,.,.,.,.,.,1607390,7%,37000,21%,36077,10%
Sherbrooke Area,Sherbrooke,2443,56625,54%,153,58%,1003,91%,110160,56%,482,59%,1617,90%,4948830,21%,77529,44%,140643,40%,6995,7%,13,5%,109,10%,20700,11%,53,6%,218,12%,1607390,7%,37000,21%,36077,10%
Sherbrooke Area,Coaticook,2444,5755,51%,62,100%,61,85%,110160,56%,482,59%,1617,90%,4948830,21%,77529,44%,140643,40%,1265,11%,9,15%,14,19%,20700,11%,53,6%,218,12%,1607390,7%,37000,21%,36077,10%
Sherbrooke Area,Memphrémagog,2445,18670,62%,52,100%,177,89%,110160,56%,482,59%,1617,90%,4948830,21%,77529,44%,140643,40%,4325,14%,6,12%,29,15%,20700,11%,53,6%,218,12%,1607390,7%,37000,21%,36077,10%
Sherbrooke Area,Brome-Missisquoi,2446,23365,66%,212,49%,328,89%,110160,56%,482,59%,1617,90%,4948830,21%,77529,44%,140643,40%,6655,19%,25,6%,57,16%,20700,11%,53,6%,218,12%,1607390,7%,37000,21%,36077,10%
N/A,La Haute-Yamaska,2447,25140,45%,2,40%,315,80%,.,.,.,.,.,.,4948830,21%,77529,44%,140643,40%,2465,4%,0,0%,26,7%,.,.,.,.,.,.,1607390,7%,37000,21%,36077,10%
N/A,Acton,2448,2485,26%,0,0%,0,0%,.,.,.,.,.,.,4948830,21%,77529,44%,140643,40%,135,1%,0,0%,0,0%,.,.,.,.,.,.,1607390,7%,37000,21%,36077,10%
N/A,Drummond,2449,22655,35%,74,27%,300,69%,.,.,.,.,.,.,4948830,21%,77529,44%,140643,40%,1225,2%,3,1%,12,3%,.,.,.,.,.,.,1607390,7%,37000,21%,36077,10%
N/A,Nicolet-Yamaska,2450,4065,28%,2,100%,54,73%,.,.,.,.,.,.,4948830,21%,77529,44%,140643,40%,170,1%,0,0%,1,1%,.,.,.,.,.,.,1607390,7%,37000,21%,36077,10%
N/A,Maskinongé,2451,5710,25%,0,0%,135,65%,.,.,.,.,.,.,4948830,21%,77529,44%,140643,40%,210,1%,0,0%,2,1%,.,.,.,.,.,.,1607390,7%,37000,21%,36077,10%
N/A,D'Autray,2452,8760,32%,0,0%,97,68%,.,.,.,.,.,.,4948830,21%,77529,44%,140643,40%,395,1%,0,0%,4,3%,.,.,.,.,.,.,1607390,7%,37000,21%,36077,10%
N/A,Pierre-De Saurel,2453,10180,32%,6,30%,125,79%,.,.,.,.,.,.,4948830,21%,77529,44%,140643,40%,450,1%,1,5%,3,2%,.,.,.,.,.,.,1607390,7%,37000,21%,36077,10%
N/A,Les Maskoutains,2454,19490,35%,64,54%,277,79%,.,.,.,.,.,.,4948830,21%,77529,44%,140643,40%,960,2%,8,7%,11,3%,.,.,.,.,.,.,1607390,7%,37000,21%,36077,10%
N/A,Rouville,2455,10205,43%,1,100%,0,0%,.,.,.,.,.,.,4948830,21%,77529,44%,140643,40%,635,3%,0,0%,0,0%,.,.,.,.,.,.,1607390,7%,37000,21%,36077,10%
N/A,Le Haut-Richelieu,2456,38520,51%,586,68%,997,85%,.,.,.,.,.,.,4948830,21%,77529,44%,140643,40%,3300,4%,103,12%,78,7%,.,.,.,.,.,.,1607390,7%,37000,21%,36077,10%
N/A,La Vallée-du-Richelieu,2457,50340,62%,0,0%,868,89%,.,.,.,.,.,.,4948830,21%,77529,44%,140643,40%,3980,5%,0,0%,74,8%,.,.,.,.,.,.,1607390,7%,37000,21%,36077,10%
Montreal Area,Longueuil,2458,186410,70%,847,92%,4930,93%,1762205,74%,8069,79%,40608,94%,4948830,21%,77529,44%,140643,40%,50380,19%,155,17%,1000,19%,717395,30%,1357,13%,11142,26%,1607390,7%,37000,21%,36077,10%
N/A,Marguerite-D'Youville,2459,28040,54%,132,64%,453,84%,.,.,.,.,.,.,4948830,21%,77529,44%,140643,40%,1305,3%,32,16%,17,3%,.,.,.,.,.,.,1607390,7%,37000,21%,36077,10%
N/A,L'Assomption,2460,40280,49%,6,46%,738,83%,.,.,.,.,.,.,4948830,21%,77529,44%,140643,40%,2715,3%,0,0%,45,5%,.,.,.,.,.,.,1607390,7%,37000,21%,36077,10%
N/A,Joliette,2461,14225,35%,66,44%,204,80%,.,.,.,.,.,.,4948830,21%,77529,44%,140643,40%,575,1%,2,1%,4,2%,.,.,.,.,.,.,1607390,7%,37000,21%,36077,10%
N/A,Matawinie,2462,11890,38%,0,0%,0,0%,.,.,.,.,.,.,4948830,21%,77529,44%,140643,40%,1445,5%,0,0%,0,0%,.,.,.,.,.,.,1607390,7%,37000,21%,36077,10%
N/A,Montcalm,2463,12490,36%,0,0%,0,0%,.,.,.,.,.,.,4948830,21%,77529,44%,140643,40%,800,2%,0,0%,0,0%,.,.,.,.,.,.,1607390,7%,37000,21%,36077,10%
Montreal Area,Les Moulins,2464,56270,53%,12,50%,1099,84%,1762205,74%,8069,79%,40608,94%,4948830,21%,77529,44%,140643,40%,5460,5%,1,4%,88,7%,717395,30%,1357,13%,11142,26%,1607390,7%,37000,21%,36077,10%
Montreal Area,Laval,2465,200740,73%,514,51%,4798,94%,1762205,74%,8069,79%,40608,94%,4948830,21%,77529,44%,140643,40%,79215,29%,67,7%,1185,23%,717395,30%,1357,13%,11142,26%,1607390,7%,37000,21%,36077,10%
Montreal Area,Montréal,2466,1030455,79%,6189,86%,24569,94%,1762205,74%,8069,79%,40608,94%,4948830,21%,77529,44%,140643,40%,506835,39%,1049,15%,7618,29%,717395,30%,1357,13%,11142,26%,1607390,7%,37000,21%,36077,10%
Montreal Area,Roussillon,2467,79260,70%,7,100%,1579,93%,1762205,74%,8069,79%,40608,94%,4948830,21%,77529,44%,140643,40%,20530,18%,2,29%,375,22%,717395,30%,1357,13%,11142,26%,1607390,7%,37000,21%,36077,10%
N/A,Les Jardins-de-Napierville,2468,8435,47%,76,96%,152,89%,.,.,.,.,.,.,4948830,21%,77529,44%,140643,40%,1370,8%,17,22%,21,12%,.,.,.,.,.,.,1607390,7%,37000,21%,36077,10%
Montreal Area,Le Haut-Saint-Laurent,2469,9625,69%,22,96%,88,98%,1762205,74%,8069,79%,40608,94%,4948830,21%,77529,44%,140643,40%,4750,34%,9,39%,49,54%,717395,30%,1357,13%,11142,26%,1607390,7%,37000,21%,36077,10%
N/A,Beauharnois-Salaberry,2470,18970,47%,4,57%,271,86%,.,.,.,.,.,.,4948830,21%,77529,44%,140643,40%,1765,4%,0,0%,29,9%,.,.,.,.,.,.,1607390,7%,37000,21%,36077,10%
Montreal Area,Vaudreuil-Soulanges,2471,78150,79%,138,97%,1568,96%,1762205,74%,8069,79%,40608,94%,4948830,21%,77529,44%,140643,40%,31265,32%,57,40%,564,35%,717395,30%,1357,13%,11142,26%,1607390,7%,37000,21%,36077,10%
Montreal Area,Deux-Montagnes,2472,40065,62%,3,75%,714,90%,1762205,74%,8069,79%,40608,94%,4948830,21%,77529,44%,140643,40%,6165,9%,0,0%,108,14%,717395,30%,1357,13%,11142,26%,1607390,7%,37000,21%,36077,10%
Montreal Area,Thérèse-De Blainville,2473,68805,65%,336,40%,1143,90%,1762205,74%,8069,79%,40608,94%,4948830,21%,77529,44%,140643,40%,9585,9%,17,2%,123,10%,717395,30%,1357,13%,11142,26%,1607390,7%,37000,21%,36077,10%
N/A,Mirabel,2474,18460,54%,16,100%,279,85%,.,.,.,.,.,.,4948830,21%,77529,44%,140643,40%,1195,3%,3,19%,22,7%,.,.,.,.,.,.,1607390,7%,37000,21%,36077,10%
N/A,La Rivière-du-Nord,2475,40105,48%,29,53%,606,86%,.,.,.,.,.,.,4948830,21%,77529,44%,140643,40%,2615,3%,0,0%,35,5%,.,.,.,.,.,.,1607390,7%,37000,21%,36077,10%
Montreal Area,Argenteuil,2476,12425,61%,1,25%,120,94%,1762205,74%,8069,79%,40608,94%,4948830,21%,77529,44%,140643,40%,3210,16%,0,0%,33,26%,717395,30%,1357,13%,11142,26%,1607390,7%,37000,21%,36077,10%
N/A,Les Pays-d'en-Haut,2477,17150,67%,1,100%,0,0%,.,.,.,.,.,.,4948830,21%,77529,44%,140643,40%,2430,9%,0,0%,0,0%,.,.,.,.,.,.,1607390,7%,37000,21%,36077,10%
N/A,Les Laurentides,2478,14970,52%,1,33%,176,85%,.,.,.,.,.,.,4948830,21%,77529,44%,140643,40%,1895,7%,0,0%,17,8%,.,.,.,.,.,.,1607390,7%,37000,21%,36077,10%
N/A,Antoine-Labelle,2479,5815,27%,61,26%,120,63%,.,.,.,.,.,.,4948830,21%,77529,44%,140643,40%,355,2%,3,1%,2,1%,.,.,.,.,.,.,1607390,7%,37000,21%,36077,10%
N/A,Papineau,2480,7520,53%,1,100%,231,83%,.,.,.,.,.,.,4948830,21%,77529,44%,140643,40%,890,6%,0,0%,34,12%,.,.,.,.,.,.,1607390,7%,37000,21%,36077,10%
N/A,Gatineau,2481,150810,81%,18944,78%,12936,95%,.,.,.,.,.,.,4948830,21%,77529,44%,140643,40%,36245,19%,12401,51%,2720,20%,.,.,.,.,.,.,1607390,7%,37000,21%,36077,10%
N/A,Les Collines-de-l'Outaouais,2482,27650,83%,0,0%,0,0%,.,.,.,.,.,.,4948830,21%,77529,44%,140643,40%,8365,25%,1,100%,0,0%,.,.,.,.,.,.,1607390,7%,37000,21%,36077,10%
OLMCs elsewhere in Quebec,La Vallée-de-la-Gatineau,2483,6985,55%,2,100%,128,89%,54750,63%,17,74%,512,92%,4948830,21%,77529,44%,140643,40%,2085,16%,0,0%,44,31%,31890,37%,4,17%,195,35%,1607390,7%,37000,21%,36077,10%
OLMCs elsewhere in Quebec,Pontiac,2484,8415,96%,1,50%,174,98%,54750,63%,17,74%,512,92%,4948830,21%,77529,44%,140643,40%,5140,59%,1,50%,92,52%,31890,37%,4,17%,195,35%,1607390,7%,37000,21%,36077,10%
OLMCs elsewhere in Quebec,Témiscamingue,2485,5375,53%,6,100%,30,91%,54750,63%,17,74%,512,92%,4948830,21%,77529,44%,140643,40%,1610,16%,1,17%,6,18%,31890,37%,4,17%,195,35%,1607390,7%,37000,21%,36077,10%
N/A,Rouyn-Noranda,2486,11545,41%,11,46%,119,79%,.,.,.,.,.,.,4948830,21%,77529,44%,140643,40%,670,2%,1,4%,7,5%,.,.,.,.,.,.,1607390,7%,37000,21%,36077,10%
N/A,Abitibi-Ouest,2487,2705,21%,0,0%,17,71%,.,.,.,.,.,.,4948830,21%,77529,44%,140643,40%,100,1%,0,0%,0,0%,.,.,.,.,.,.,1607390,7%,37000,21%,36077,10%
N/A,Abitibi,2488,4565,29%,1,33%,47,77%,.,.,.,.,.,.,4948830,21%,77529,44%,140643,40%,255,2%,0,0%,3,5%,.,.,.,.,.,.,1607390,7%,37000,21%,36077,10%
N/A,La Vallée-de-l'Or,2489,10925,38%,10,56%,98,79%,.,.,.,.,.,.,4948830,21%,77529,44%,140643,40%,1100,4%,1,6%,8,6%,.,.,.,.,.,.,1607390,7%,37000,21%,36077,10%
N/A,La Tuque,2490,1865,20%,0,0%,14,88%,.,.,.,.,.,.,4948830,21%,77529,44%,140643,40%,250,3%,0,0%,1,6%,.,.,.,.,.,.,1607390,7%,37000,21%,36077,10%
N/A,Le Domaine-du-Roy,2491,3620,19%,0,0%,47,72%,.,.,.,.,.,.,4948830,21%,77529,44%,140643,40%,65,0%,0,0%,2,3%,.,.,.,.,.,.,1607390,7%,37000,21%,36077,10%
N/A,Maria-Chapdelaine,2492,2765,18%,1,7%,31,65%,.,.,.,.,.,.,4948830,21%,77529,44%,140643,40%,75,0%,0,0%,0,0%,.,.,.,.,.,.,1607390,7%,37000,21%,36077,10%
N/A,Lac-Saint-Jean-Est,2493,6965,21%,5,23%,128,67%,.,.,.,.,.,.,4948830,21%,77529,44%,140643,40%,140,0%,0,0%,2,1%,.,.,.,.,.,.,1607390,7%,37000,21%,36077,10%
N/A,Le Saguenay-et-son-Fjord,2494,30285,28%,55,18%,893,66%,.,.,.,.,.,.,4948830,21%,77529,44%,140643,40%,1220,1%,3,1%,41,3%,.,.,.,.,.,.,1607390,7%,37000,21%,36077,10%
N/A,La Haute-Côte-Nord,2495,1110,16%,24,86%,40,71%,.,.,.,.,.,.,4948830,21%,77529,44%,140643,40%,10,0%,0,0%,2,4%,.,.,.,.,.,.,1607390,7%,37000,21%,36077,10%
N/A,Manicouagan,2496,4780,23%,9,64%,87,69%,.,.,.,.,.,.,4948830,21%,77529,44%,140643,40%,260,1%,1,7%,7,6%,.,.,.,.,.,.,1607390,7%,37000,21%,36077,10%
N/A,Sept-Rivières--Caniapiscau,2497,8745,34%,100,28%,352,62%,.,.,.,.,.,.,4948830,21%,77529,44%,140643,40%,1480,6%,13,4%,19,3%,.,.,.,.,.,.,1607390,7%,37000,21%,36077,10%
OLMCs elsewhere in Quebec,Minganie--Le Golfe-du-Saint-Laurent,2498,3075,42%,2,50%,41,87%,54750,63%,17,74%,512,92%,4948830,21%,77529,44%,140643,40%,2020,28%,1,25%,15,32%,31890,37%,4,17%,195,35%,1607390,7%,37000,21%,36077,10%
OLMCs elsewhere in Quebec,Nord-du-Québec,2499,21685,76%,1,50%,74,93%,54750,63%,17,74%,512,92%,4948830,21%,77529,44%,140643,40%,17840,62%,1,50%,19,24%,31890,37%,4,17%,195,35%,1607390,7%,37000,21%,36077,10%
Eastern Ontario,"Stormont, Dundas and Glengarry",3501,28390,40%,154,66%,1083,58%,74645,58%,156,66%,2760,69%,4948830,21%,77529,44%,140643,40%,14395,20%,68,29%,348,19%,52055,40%,70,30%,1537,38%,1607390,7%,37000,21%,36077,10%
Eastern Ontario,Prescott and Russell,3502,46255,79%,2,100%,1672,79%,74645,58%,156,66%,2760,69%,4948830,21%,77529,44%,140643,40%,37660,64%,2,100%,1186,56%,52055,40%,70,30%,1537,38%,1607390,7%,37000,21%,36077,10%
N/A,Ottawa,3506,251115,40%,37401,69%,20793,51%,.,.,.,.,.,.,4948830,21%,77529,44%,140643,40%,108165,17%,17790,33%,7041,17%,.,.,.,.,.,.,1607390,7%,37000,21%,36077,10%
N/A,Leeds and Grenville,3507,7515,12%,11,11%,268,24%,.,.,.,.,.,.,4948830,21%,77529,44%,140643,40%,2085,3%,8,8%,68,6%,.,.,.,.,.,.,1607390,7%,37000,21%,36077,10%
N/A,Lanark,3509,6370,15%,0,0%,230,28%,.,.,.,.,.,.,4948830,21%,77529,44%,140643,40%,1665,4%,1,13%,39,5%,.,.,.,.,.,.,1607390,7%,37000,21%,36077,10%
N/A,Frontenac,3510,12725,13%,344,12%,582,21%,.,.,.,.,.,.,4948830,21%,77529,44%,140643,40%,3605,4%,220,8%,171,6%,.,.,.,.,.,.,1607390,7%,37000,21%,36077,10%
N/A,Lennox and Addington,3511,1795,7%,13,2%,79,15%,.,.,.,.,.,.,4948830,21%,77529,44%,140643,40%,515,2%,16,2%,17,3%,.,.,.,.,.,.,1607390,7%,37000,21%,36077,10%
N/A,Hastings,3512,5890,7%,33,5%,254,16%,.,.,.,.,.,.,4948830,21%,77529,44%,140643,40%,2070,2%,40,6%,107,7%,.,.,.,.,.,.,1607390,7%,37000,21%,36077,10%
N/A,Prince Edward,3513,1010,7%,0,0%,28,17%,.,.,.,.,.,.,4948830,21%,77529,44%,140643,40%,190,1%,0,0%,5,3%,.,.,.,.,.,.,1607390,7%,37000,21%,36077,10%
N/A,Northumberland,3514,3270,6%,8,2%,76,13%,.,.,.,.,.,.,4948830,21%,77529,44%,140643,40%,705,1%,2,0%,11,2%,.,.,.,.,.,.,1607390,7%,37000,21%,36077,10%
N/A,Peterborough,3515,5950,7%,8,21%,119,15%,.,.,.,.,.,.,4948830,21%,77529,44%,140643,40%,925,1%,2,5%,14,2%,.,.,.,.,.,.,1607390,7%,37000,21%,36077,10%
N/A,Kawartha Lakes,3516,2220,5%,2,67%,32,14%,.,.,.,.,.,.,4948830,21%,77529,44%,140643,40%,470,1%,1,33%,1,0%,.,.,.,.,.,.,1607390,7%,37000,21%,36077,10%
Toronto Area,Durham,3518,30575,7%,8,13%,707,15%,467995,8%,1172,9%,10315,17%,4948830,21%,77529,44%,140643,40%,8095,2%,2,3%,128,3%,127645,2%,358,3%,1807,3%,1607390,7%,37000,21%,36077,10%
Toronto Area,York,3519,47390,6%,2,1%,886,13%,467995,8%,1172,9%,10315,17%,4948830,21%,77529,44%,140643,40%,12255,2%,1,0%,90,1%,127645,2%,358,3%,1807,3%,1607390,7%,37000,21%,36077,10%
Toronto Area,Toronto,3520,185170,10%,617,8%,4385,20%,467995,8%,1172,9%,10315,17%,4948830,21%,77529,44%,140643,40%,46910,2%,182,2%,877,4%,127645,2%,358,3%,1807,3%,1607390,7%,37000,21%,36077,10%
Toronto Area,Peel,3521,56865,6%,165,9%,1725,14%,467995,8%,1172,9%,10315,17%,4948830,21%,77529,44%,140643,40%,17535,2%,45,2%,284,2%,127645,2%,358,3%,1807,3%,1607390,7%,37000,21%,36077,10%
N/A,Dufferin,3522,2385,6%,0,0%,29,14%,.,.,.,.,.,.,4948830,21%,77529,44%,140643,40%,510,1%,0,0%,5,2%,.,.,.,.,.,.,1607390,7%,37000,21%,36077,10%
N/A,Wellington,3523,11745,8%,19,9%,183,18%,.,.,.,.,.,.,4948830,21%,77529,44%,140643,40%,2150,1%,6,3%,24,2%,.,.,.,.,.,.,1607390,7%,37000,21%,36077,10%
Toronto Area,Halton,3524,34880,10%,18,3%,566,18%,467995,8%,1172,9%,10315,17%,4948830,21%,77529,44%,140643,40%,8660,2%,4,1%,82,3%,127645,2%,358,3%,1807,3%,1607390,7%,37000,21%,36077,10%
Toronto Area,Hamilton,3525,21630,6%,35,9%,0,0%,467995,8%,1172,9%,10315,17%,4948830,21%,77529,44%,140643,40%,5850,2%,4,1%,0,0%,127645,2%,358,3%,1807,3%,1607390,7%,37000,21%,36077,10%
Toronto Area,Niagara,3526,21965,8%,83,10%,508,15%,467995,8%,1172,9%,10315,17%,4948830,21%,77529,44%,140643,40%,7875,3%,23,3%,95,3%,127645,2%,358,3%,1807,3%,1607390,7%,37000,21%,36077,10%
N/A,Haldimand-Norfolk,3528,2205,3%,3,25%,44,10%,.,.,.,.,.,.,4948830,21%,77529,44%,140643,40%,585,1%,0,0%,5,1%,.,.,.,.,.,.,1607390,7%,37000,21%,36077,10%
N/A,Brant,3529,4005,5%,3,2%,74,12%,.,.,.,.,.,.,4948830,21%,77529,44%,140643,40%,880,1%,0,0%,5,1%,.,.,.,.,.,.,1607390,7%,37000,21%,36077,10%
Toronto Area,Waterloo,3530,24325,7%,41,8%,470,16%,467995,8%,1172,9%,10315,17%,4948830,21%,77529,44%,140643,40%,5805,2%,8,2%,52,2%,127645,2%,358,3%,1807,3%,1607390,7%,37000,21%,36077,10%
N/A,Perth,3531,2050,4%,0,0%,18,12%,.,.,.,.,.,.,4948830,21%,77529,44%,140643,40%,270,1%,0,0%,0,0%,.,.,.,.,.,.,1607390,7%,37000,21%,36077,10%
N/A,Oxford,3532,2840,4%,0,0%,36,12%,.,.,.,.,.,.,4948830,21%,77529,44%,140643,40%,670,1%,0,0%,3,1%,.,.,.,.,.,.,1607390,7%,37000,21%,36077,10%
N/A,Elgin,3534,2175,4%,0,0%,43,12%,.,.,.,.,.,.,4948830,21%,77529,44%,140643,40%,485,1%,0,0%,4,1%,.,.,.,.,.,.,1607390,7%,37000,21%,36077,10%
N/A,Chatham-Kent,3536,4130,6%,3,1%,102,14%,.,.,.,.,.,.,4948830,21%,77529,44%,140643,40%,1355,2%,1,0%,16,2%,.,.,.,.,.,.,1607390,7%,37000,21%,36077,10%
Toronto Area,Essex,3537,23195,9%,116,12%,669,18%,467995,8%,1172,9%,10315,17%,4948830,21%,77529,44%,140643,40%,7450,3%,20,2%,80,2%,127645,2%,358,3%,1807,3%,1607390,7%,37000,21%,36077,10%
N/A,Lambton,3538,4505,6%,35,7%,111,13%,.,.,.,.,.,.,4948830,21%,77529,44%,140643,40%,1265,2%,9,2%,11,1%,.,.,.,.,.,.,1607390,7%,37000,21%,36077,10%
N/A,Middlesex,3539,20975,7%,29,6%,550,16%,.,.,.,.,.,.,4948830,21%,77529,44%,140643,40%,4830,2%,11,2%,103,3%,.,.,.,.,.,.,1607390,7%,37000,21%,36077,10%
N/A,Huron,3540,1085,3%,0,0%,8,8%,.,.,.,.,.,.,4948830,21%,77529,44%,140643,40%,210,1%,0,0%,1,1%,.,.,.,.,.,.,1607390,7%,37000,21%,36077,10%
N/A,Bruce,3541,2185,5%,0,0%,15,11%,.,.,.,.,.,.,4948830,21%,77529,44%,140643,40%,390,1%,0,0%,0,0%,.,.,.,.,.,.,1607390,7%,37000,21%,36077,10%
N/A,Grey,3542,3235,6%,0,0%,42,15%,.,.,.,.,.,.,4948830,21%,77529,44%,140643,40%,540,1%,0,0%,5,2%,.,.,.,.,.,.,1607390,7%,37000,21%,36077,10%
Toronto Area,Simcoe,3543,22000,7%,87,10%,400,16%,467995,8%,1172,9%,10315,17%,4948830,21%,77529,44%,140643,40%,7210,2%,69,8%,117,5%,127645,2%,358,3%,1807,3%,1607390,7%,37000,21%,36077,10%
N/A,Muskoka,3544,2360,6%,12,3%,40,10%,.,.,.,.,.,.,4948830,21%,77529,44%,140643,40%,460,1%,7,2%,7,2%,.,.,.,.,.,.,1607390,7%,37000,21%,36077,10%
N/A,Haliburton,3546,535,5%,0,0%,0,0%,.,.,.,.,.,.,4948830,21%,77529,44%,140643,40%,100,1%,0,0%,0,0%,.,.,.,.,.,.,1607390,7%,37000,21%,36077,10%
N/A,Renfrew,3547,8815,14%,28,5%,390,24%,.,.,.,.,.,.,4948830,21%,77529,44%,140643,40%,3325,5%,32,5%,114,7%,.,.,.,.,.,.,1607390,7%,37000,21%,36077,10%
Northern Ontario,Nipissing,3548,17970,34%,46,36%,277,40%,100915,41%,378,48%,806,50%,4948830,21%,77529,44%,140643,40%,11725,22%,31,24%,124,18%,69140,28%,224,28%,368,23%,1607390,7%,37000,21%,36077,10%
N/A,Parry Sound,3549,1890,7%,0,0%,22,13%,.,.,.,.,.,.,4948830,21%,77529,44%,140643,40%,700,3%,0,0%,6,3%,.,.,.,.,.,.,1607390,7%,37000,21%,36077,10%
N/A,Manitoulin,3551,405,5%,0,0%,0,0%,.,.,.,.,.,.,4948830,21%,77529,44%,140643,40%,185,2%,0,0%,0,0%,.,.,.,.,.,.,1607390,7%,37000,21%,36077,10%
Northern Ontario,Sudbury,3552,4645,33%,7,21%,59,48%,100915,41%,378,48%,806,50%,4948830,21%,77529,44%,140643,40%,3235,23%,3,9%,31,25%,69140,28%,224,28%,368,23%,1607390,7%,37000,21%,36077,10%
Northern Ontario,Greater Sudbury,3553,41480,39%,189,58%,0,0%,100915,41%,378,48%,806,50%,4948830,21%,77529,44%,140643,40%,26990,25%,108,33%,0,0%,69140,28%,224,28%,1807,3%,1607390,7%,37000,21%,36077,10%
Northern Ontario,Timiskaming,3554,7060,35%,39,35%,106,41%,100915,41%,378,48%,806,50%,4948830,21%,77529,44%,140643,40%,4600,23%,12,11%,37,14%,69140,28%,224,28%,368,23%,1607390,7%,37000,21%,36077,10%
Northern Ontario,Cochrane,3556,29760,57%,97,51%,365,64%,100915,41%,378,48%,806,50%,4948830,21%,77529,44%,140643,40%,22590,43%,70,37%,178,31%,69140,28%,224,28%,368,23%,1607390,7%,37000,21%,36077,10%
N/A,Algoma,3557,8670,12%,29,12%,164,24%,.,.,.,.,.,.,4948830,21%,77529,44%,140643,40%,3960,6%,9,4%,27,4%,.,.,.,.,.,.,1607390,7%,37000,21%,36077,10%
N/A,Thunder Bay,3558,8235,9%,7,3%,143,17%,.,.,.,.,.,.,4948830,21%,77529,44%,140643,40%,3180,3%,5,2%,23,3%,.,.,.,.,.,.,1607390,7%,37000,21%,36077,10%
N/A,Rainy River,3559,515,4%,1,3%,4,6%,.,.,.,.,.,.,4948830,21%,77529,44%,140643,40%,135,1%,0,0%,1,2%,.,.,.,.,.,.,1607390,7%,37000,21%,36077,10%
N/A,Kenora,3560,1925,5%,4,3%,26,16%,.,.,.,.,.,.,4948830,21%,77529,44%,140643,40%,635,2%,4,3%,4,3%,.,.,.,.,.,.,1607390,7%,37000,21%,36077,10%
N/A,Division No.  1,4601,1060,10%,1,8%,11,20%,.,.,.,.,.,.,4948830,21%,77529,44%,140643,40%,570,5%,0,0%,0,0%,.,.,.,.,.,.,1607390,7%,37000,21%,36077,10%
Winnipeg Area,Division No.  2,4602,8070,17%,2,22%,126,28%,56515,11%,417,9%,1709,18%,4948830,21%,77529,44%,140643,40%,4895,10%,0,0%,43,10%,21380,4%,172,4%,396,4%,1607390,7%,37000,21%,36077,10%
N/A,Division No.  3,4603,1625,5%,11,8%,18,13%,.,.,.,.,.,.,4948830,21%,77529,44%,140643,40%,720,2%,4,3%,5,4%,.,.,.,.,.,.,1607390,7%,37000,21%,36077,10%
Winnipeg Area,Division No.  4,4604,940,16%,0,0%,0,0%,56515,11%,417,9%,1709,50%,4948830,21%,77529,44%,140643,40%,700,12%,1,6%,0,0%,21380,4%,172,4%,368,23%,1607390,7%,37000,21%,36077,10%
N/A,Division No.  5,4605,175,2%,0,0%,6,10%,.,.,.,.,.,.,4948830,21%,77529,44%,140643,40%,50,1%,0,0%,0,0%,.,.,.,.,.,.,1607390,7%,37000,21%,36077,10%
N/A,Division No.  6,4606,175,3%,0,0%,3,9%,.,.,.,.,.,.,4948830,21%,77529,44%,140643,40%,80,1%,0,0%,2,6%,.,.,.,.,.,.,1607390,7%,37000,21%,36077,10%
N/A,Division No.  7,4607,2440,6%,5,1%,89,14%,.,.,.,.,.,.,4948830,21%,77529,44%,140643,40%,770,2%,4,1%,31,5%,.,.,.,.,.,.,1607390,7%,37000,21%,36077,10%
N/A,Division No.  8,4608,445,5%,0,0%,3,13%,.,.,.,.,.,.,4948830,21%,77529,44%,140643,40%,225,3%,0,0%,2,8%,.,.,.,.,.,.,1607390,7%,37000,21%,36077,10%
N/A,Division No.  9,4609,1200,8%,2,13%,0,0%,.,.,.,.,.,.,4948830,21%,77529,44%,140643,40%,510,3%,0,0%,0,0%,.,.,.,.,.,.,1607390,7%,37000,21%,36077,10%
N/A,Division No. 10,4610,945,12%,0,0%,0,0%,.,.,.,.,.,.,4948830,21%,77529,44%,140643,40%,405,5%,0,0%,0,0%,.,.,.,.,.,.,1607390,7%,37000,21%,36077,10%
Winnipeg Area,Division No. 11,4611,47505,10%,415,9%,1582,17%,56515,11%,417,9%,1709,18%,4948830,21%,77529,44%,140643,40%,15785,3%,171,4%,353,4%,21380,4%,172,4%,396,4%,1607390,7%,37000,21%,36077,10%
N/A,Division No. 12,4612,1280,8%,0,0%,0,0%,.,.,.,.,.,.,4948830,21%,77529,44%,140643,40%,355,2%,0,0%,0,0%,.,.,.,.,.,.,1607390,7%,37000,21%,36077,10%
N/A,Division No. 13,4613,1960,6%,0,0%,56,13%,.,.,.,.,.,.,4948830,21%,77529,44%,140643,40%,410,1%,0,0%,2,0%,.,.,.,.,.,.,1607390,7%,37000,21%,36077,10%
N/A,Division No. 14,4614,515,4%,1,0%,12,6%,.,.,.,.,.,.,4948830,21%,77529,44%,140643,40%,160,1%,3,1%,2,1%,.,.,.,.,.,.,1607390,7%,37000,21%,36077,10%
N/A,Division No. 15,4615,600,5%,0,0%,6,10%,.,.,.,.,.,.,4948830,21%,77529,44%,140643,40%,210,2%,0,0%,0,0%,.,.,.,.,.,.,1607390,7%,37000,21%,36077,10%
N/A,Division No. 16,4616,170,3%,0,0%,2,10%,.,.,.,.,.,.,4948830,21%,77529,44%,140643,40%,55,1%,0,0%,0,0%,.,.,.,.,.,.,1607390,7%,37000,21%,36077,10%
N/A,Division No. 17,4617,770,6%,0,0%,0,0%,.,.,.,.,.,.,4948830,21%,77529,44%,140643,40%,270,2%,0,0%,0,0%,.,.,.,.,.,.,1607390,7%,37000,21%,36077,10%
N/A,Division No. 18,4618,650,5%,0,0%,10,11%,.,.,.,.,.,.,4948830,21%,77529,44%,140643,40%,310,2%,0,0%,3,3%,.,.,.,.,.,.,1607390,7%,37000,21%,36077,10%
N/A,Division No. 19,4619,80,1%,0,0%,2,9%,.,.,.,.,.,.,4948830,21%,77529,44%,140643,40%,30,0%,0,0%,0,0%,.,.,.,.,.,.,1607390,7%,37000,21%,36077,10%
N/A,Division No. 20,4620,170,3%,0,0%,0,0%,.,.,.,.,.,.,4948830,21%,77529,44%,140643,40%,40,1%,0,0%,0,0%,.,.,.,.,.,.,1607390,7%,37000,21%,36077,10%
N/A,Division No. 21,4621,550,4%,0,0%,7,11%,.,.,.,.,.,.,4948830,21%,77529,44%,140643,40%,105,1%,0,0%,1,2%,.,.,.,.,.,.,1607390,7%,37000,21%,36077,10%
N/A,Division No. 22,4622,620,2%,0,0%,17,11%,.,.,.,.,.,.,4948830,21%,77529,44%,140643,40%,190,1%,0,0%,1,1%,.,.,.,.,.,.,1607390,7%,37000,21%,36077,10%
N/A,Division No. 23,4623,110,2%,0,0%,3,18%,.,.,.,.,.,.,4948830,21%,77529,44%,140643,40%,35,1%,0,0%,2,12%,.,.,.,.,.,.,1607390,7%,37000,21%,36077,10%
N/A,Division No.  1,4701,775,4%,1,1%,18,13%,.,.,.,.,.,.,4948830,21%,77529,44%,140643,40%,315,2%,0,0%,4,3%,.,.,.,.,.,.,1607390,7%,37000,21%,36077,10%
N/A,Division No.  2,4702,285,2%,0,0%,5,7%,.,.,.,.,.,.,4948830,21%,77529,44%,140643,40%,70,0%,0,0%,2,3%,.,.,.,.,.,.,1607390,7%,37000,21%,36077,10%
N/A,Division No.  3,4703,700,9%,1,6%,5,24%,.,.,.,.,.,.,4948830,21%,77529,44%,140643,40%,405,5%,0,0%,3,14%,.,.,.,.,.,.,1607390,7%,37000,21%,36077,10%
N/A,Division No.  4,4704,170,3%,0,0%,2,3%,.,.,.,.,.,.,4948830,21%,77529,44%,140643,40%,75,1%,0,0%,0,0%,.,.,.,.,.,.,1607390,7%,37000,21%,36077,10%
N/A,Division No.  5,4705,430,2%,0,0%,3,4%,.,.,.,.,.,.,4948830,21%,77529,44%,140643,40%,135,1%,0,0%,0,0%,.,.,.,.,.,.,1607390,7%,37000,21%,36077,10%
N/A,Division No.  6,4706,9415,5%,79,5%,541,11%,.,.,.,.,.,.,4948830,21%,77529,44%,140643,40%,2185,1%,35,2%,160,3%,.,.,.,.,.,.,1607390,7%,37000,21%,36077,10%
N/A,Division No.  7,4707,1410,5%,1,2%,32,12%,.,.,.,.,.,.,4948830,21%,77529,44%,140643,40%,415,1%,0,0%,7,3%,.,.,.,.,.,.,1607390,7%,37000,21%,36077,10%
N/A,Division No.  8,4708,620,3%,8,6%,11,7%,.,.,.,.,.,.,4948830,21%,77529,44%,140643,40%,155,1%,2,2%,2,1%,.,.,.,.,.,.,1607390,7%,37000,21%,36077,10%
N/A,Division No.  9,4709,460,2%,0,0%,9,6%,.,.,.,.,.,.,4948830,21%,77529,44%,140643,40%,125,1%,0,0%,0,0%,.,.,.,.,.,.,1607390,7%,37000,21%,36077,10%
N/A,Division No. 10,4710,130,1%,0,0%,1,1%,.,.,.,.,.,.,4948830,21%,77529,44%,140643,40%,50,1%,0,0%,0,0%,.,.,.,.,.,.,1607390,7%,37000,21%,36077,10%
N/A,Division No. 11,4711,12185,6%,30,2%,338,12%,.,.,.,.,.,.,4948830,21%,77529,44%,140643,40%,2820,1%,12,1%,72,2%,.,.,.,.,.,.,1607390,7%,37000,21%,36077,10%
N/A,Division No. 12,4712,435,3%,0,0%,8,13%,.,.,.,.,.,.,4948830,21%,77529,44%,140643,40%,125,1%,0,0%,2,3%,.,.,.,.,.,.,1607390,7%,37000,21%,36077,10%
N/A,Division No. 13,4713,255,2%,1,6%,8,12%,.,.,.,.,.,.,4948830,21%,77529,44%,140643,40%,80,1%,0,0%,0,0%,.,.,.,.,.,.,1607390,7%,37000,21%,36077,10%
N/A,Division No. 14,4714,595,3%,0,0%,3,3%,.,.,.,.,.,.,4948830,21%,77529,44%,140643,40%,265,1%,0,0%,1,1%,.,.,.,.,.,.,1607390,7%,37000,21%,36077,10%
N/A,Division No. 15,4715,3065,6%,2,0%,79,9%,.,.,.,.,.,.,4948830,21%,77529,44%,140643,40%,1340,3%,3,0%,16,2%,.,.,.,.,.,.,1607390,7%,37000,21%,36077,10%
N/A,Division No. 16,4716,1010,4%,1,4%,16,12%,.,.,.,.,.,.,4948830,21%,77529,44%,140643,40%,325,1%,0,0%,1,1%,.,.,.,.,.,.,1607390,7%,37000,21%,36077,10%
N/A,Division No. 17,4717,680,2%,0,0%,12,8%,.,.,.,.,.,.,4948830,21%,77529,44%,140643,40%,200,1%,0,0%,3,2%,.,.,.,.,.,.,1607390,7%,37000,21%,36077,10%
N/A,Division No. 18,4718,340,1%,0,0%,7,9%,.,.,.,.,.,.,4948830,21%,77529,44%,140643,40%,65,0%,0,0%,0,0%,.,.,.,.,.,.,1607390,7%,37000,21%,36077,10%
N/A,Division No.  1,4801,1815,3%,2,0%,52,7%,.,.,.,.,.,.,4948830,21%,77529,44%,140643,40%,510,1%,7,1%,13,2%,.,.,.,.,.,.,1607390,7%,37000,21%,36077,10%
N/A,Division No.  2,4802,4545,4%,10,3%,92,10%,.,.,.,.,.,.,4948830,21%,77529,44%,140643,40%,1220,1%,6,2%,25,3%,.,.,.,.,.,.,1607390,7%,37000,21%,36077,10%
N/A,Division No.  3,4803,615,3%,0,0%,13,9%,.,.,.,.,.,.,4948830,21%,77529,44%,140643,40%,150,1%,0,0%,3,2%,.,.,.,.,.,.,1607390,7%,37000,21%,36077,10%
N/A,Division No.  4,4804,95,2%,0,0%,1,4%,.,.,.,.,.,.,4948830,21%,77529,44%,140643,40%,35,1%,0,0%,0,0%,.,.,.,.,.,.,1607390,7%,37000,21%,36077,10%
N/A,Division No.  5,4805,1020,3%,1,0%,29,7%,.,.,.,.,.,.,4948830,21%,77529,44%,140643,40%,330,1%,0,0%,7,2%,.,.,.,.,.,.,1607390,7%,37000,21%,36077,10%
Calgary-Edmonton,Division No.  6,4806,80740,8%,132,8%,2267,18%,151760,8%,362,6%,4796,18%,4948830,21%,77529,44%,140643,40%,23380,2%,63,4%,573,5%,48575,2%,190,3%,1445,5%,1607390,7%,37000,21%,36077,10%
N/A,Division No.  7,4807,970,4%,1,0%,50,14%,.,.,.,.,.,.,4948830,21%,77529,44%,140643,40%,410,2%,16,6%,23,7%,.,.,.,.,.,.,1607390,7%,37000,21%,36077,10%
N/A,Division No.  8,4808,6495,5%,6,1%,130,9%,.,.,.,.,.,.,4948830,21%,77529,44%,140643,40%,1875,1%,4,1%,36,3%,.,.,.,.,.,.,1607390,7%,37000,21%,36077,10%
N/A,Division No.  9,4809,465,3%,0,0%,8,12%,.,.,.,.,.,.,4948830,21%,77529,44%,140643,40%,140,1%,0,0%,3,4%,.,.,.,.,.,.,1607390,7%,37000,21%,36077,10%
N/A,Division No. 10,4810,2250,4%,23,12%,40,8%,.,.,.,.,.,.,4948830,21%,77529,44%,140643,40%,745,1%,15,8%,12,2%,.,.,.,.,.,.,1607390,7%,37000,21%,36077,10%
Calgary-Edmonton,Division No. 11,4811,71020,8%,230,5%,2527,18%,151760,8%,362,6%,4796,18%,4948830,21%,77529,44%,140643,40%,25195,3%,127,3%,871,6%,48575,2%,190,3%,1445,5%,1607390,7%,37000,21%,36077,10%
N/A,Division No. 12,4812,4905,11%,7,2%,126,17%,.,.,.,.,.,.,4948830,21%,77529,44%,140643,40%,2545,6%,9,3%,48,7%,.,.,.,.,.,.,1607390,7%,37000,21%,36077,10%
N/A,Division No. 13,4813,2090,5%,2,8%,26,13%,.,.,.,.,.,.,4948830,21%,77529,44%,140643,40%,825,2%,0,0%,5,2%,.,.,.,.,.,.,1607390,7%,37000,21%,36077,10%
N/A,Division No. 14,4814,1295,6%,0,0%,14,12%,.,.,.,.,.,.,4948830,21%,77529,44%,140643,40%,480,2%,0,0%,6,5%,.,.,.,.,.,.,1607390,7%,37000,21%,36077,10%
N/A,Division No. 15,4815,5305,19%,0,0%,39,21%,.,.,.,.,.,.,4948830,21%,77529,44%,140643,40%,1320,5%,0,0%,16,8%,.,.,.,.,.,.,1607390,7%,37000,21%,36077,10%
N/A,Division No. 16,4816,4270,8%,0,0%,106,22%,.,.,.,.,.,.,4948830,21%,77529,44%,140643,40%,1915,3%,0,0%,37,8%,.,.,.,.,.,.,1607390,7%,37000,21%,36077,10%
N/A,Division No. 17,4817,1265,3%,0,0%,15,10%,.,.,.,.,.,.,4948830,21%,77529,44%,140643,40%,595,2%,0,0%,5,3%,.,.,.,.,.,.,1607390,7%,37000,21%,36077,10%
N/A,Division No. 18,4818,340,4%,0,0%,25,13%,.,.,.,.,.,.,4948830,21%,77529,44%,140643,40%,140,1%,0,0%,10,5%,.,.,.,.,.,.,1607390,7%,37000,21%,36077,10%
N/A,Division No. 19,4819,6440,8%,4,5%,83,15%,.,.,.,.,.,.,4948830,21%,77529,44%,140643,40%,2965,4%,0,0%,27,5%,.,.,.,.,.,.,1607390,7%,37000,21%,36077,10%
N/A,East Kootenay,5901,2330,6%,0,0%,23,13%,.,.,.,.,.,.,4948830,21%,77529,44%,140643,40%,680,2%,1,2%,3,2%,.,.,.,.,.,.,1607390,7%,37000,21%,36077,10%
N/A,Central Kootenay,5903,2980,8%,1,3%,32,18%,.,.,.,.,.,.,4948830,21%,77529,44%,140643,40%,710,2%,0,0%,4,2%,.,.,.,.,.,.,1607390,7%,37000,21%,36077,10%
N/A,Kootenay Boundary,5905,960,5%,1,2%,13,15%,.,.,.,.,.,.,4948830,21%,77529,44%,140643,40%,245,1%,0,0%,3,4%,.,.,.,.,.,.,1607390,7%,37000,21%,36077,10%
N/A,Okanagan-Similkameen,5907,3230,7%,7,3%,53,10%,.,.,.,.,.,.,4948830,21%,77529,44%,140643,40%,905,2%,6,3%,10,2%,.,.,.,.,.,.,1607390,7%,37000,21%,36077,10%
N/A,Fraser Valley,5909,9010,5%,14,1%,241,9%,.,.,.,.,.,.,4948830,21%,77529,44%,140643,40%,1945,1%,19,1%,30,1%,.,.,.,.,.,.,1607390,7%,37000,21%,36077,10%
Greater Vancouver,Greater Vancouver,5915,127075,8%,354,5%,2935,15%,127075,8%,354,5%,2935,15%,4948830,21%,77529,44%,140643,40%,28900,2%,101,1%,534,3%,28900,2%,101,1%,534,3%,1607390,7%,37000,21%,36077,10%
N/A,Capital,5917,26155,11%,68,2%,853,17%,.,.,.,.,.,.,4948830,21%,77529,44%,140643,40%,4975,2%,51,1%,188,4%,.,.,.,.,.,.,1607390,7%,37000,21%,36077,10%
N/A,Cowichan Valley,5919,2940,6%,0,0%,58,11%,.,.,.,.,.,.,4948830,21%,77529,44%,140643,40%,620,1%,0,0%,7,1%,.,.,.,.,.,.,1607390,7%,37000,21%,36077,10%
N/A,Nanaimo,5921,6150,7%,20,4%,157,13%,.,.,.,.,.,.,4948830,21%,77529,44%,140643,40%,1245,1%,3,1%,21,2%,.,.,.,.,.,.,1607390,7%,37000,21%,36077,10%
N/A,Alberni-Clayoquot,5923,1085,6%,0,0%,22,13%,.,.,.,.,.,.,4948830,21%,77529,44%,140643,40%,255,1%,0,0%,3,2%,.,.,.,.,.,.,1607390,7%,37000,21%,36077,10%
N/A,Strathcona,5924,1900,7%,0,0%,26,11%,.,.,.,.,.,.,4948830,21%,77529,44%,140643,40%,440,2%,0,0%,8,4%,.,.,.,.,.,.,1607390,7%,37000,21%,36077,10%
N/A,Comox Valley,5926,3925,10%,0,0%,89,16%,.,.,.,.,.,.,4948830,21%,77529,44%,140643,40%,1040,3%,0,0%,25,5%,.,.,.,.,.,.,1607390,7%,37000,21%,36077,10%
N/A,Powell River,5927,815,7%,0,0%,3,6%,.,.,.,.,.,.,4948830,21%,77529,44%,140643,40%,295,2%,0,0%,2,4%,.,.,.,.,.,.,1607390,7%,37000,21%,36077,10%
N/A,Sunshine Coast,5929,1390,8%,0,0%,10,14%,.,.,.,.,.,.,4948830,21%,77529,44%,140643,40%,305,2%,0,0%,0,0%,.,.,.,.,.,.,1607390,7%,37000,21%,36077,10%
N/A,Squamish-Lillooet,5931,4090,13%,0,0%,43,26%,.,.,.,.,.,.,4948830,21%,77529,44%,140643,40%,1155,4%,0,0%,13,8%,.,.,.,.,.,.,1607390,7%,37000,21%,36077,10%
N/A,Thompson-Nicola,5933,4545,5%,6,3%,105,12%,.,.,.,.,.,.,4948830,21%,77529,44%,140643,40%,830,1%,3,2%,16,2%,.,.,.,.,.,.,1607390,7%,37000,21%,36077,10%
N/A,Central Okanagan,5935,8575,7%,8,5%,156,14%,.,.,.,.,.,.,4948830,21%,77529,44%,140643,40%,1975,2%,4,3%,32,3%,.,.,.,.,.,.,1607390,7%,37000,21%,36077,10%
N/A,North Okanagan,5937,2985,6%,0,0%,24,10%,.,.,.,.,.,.,4948830,21%,77529,44%,140643,40%,590,1%,0,0%,6,3%,.,.,.,.,.,.,1607390,7%,37000,21%,36077,10%
N/A,Columbia-Shuswap,5939,2320,7%,0,0%,25,15%,.,.,.,.,.,.,4948830,21%,77529,44%,140643,40%,625,2%,0,0%,6,4%,.,.,.,.,.,.,1607390,7%,37000,21%,36077,10%
N/A,Cariboo,5941,1420,4%,0,0%,12,6%,.,.,.,.,.,.,4948830,21%,77529,44%,140643,40%,375,1%,0,0%,1,1%,.,.,.,.,.,.,1607390,7%,37000,21%,36077,10%
N/A,Mount Waddington,5943,265,4%,0,0%,3,4%,.,.,.,.,.,.,4948830,21%,77529,44%,140643,40%,75,1%,0,0%,1,1%,.,.,.,.,.,.,1607390,7%,37000,21%,36077,10%
N/A,Central Coast,5945,70,3%,0,0%,2,11%,.,.,.,.,.,.,4948830,21%,77529,44%,140643,40%,25,1%,0,0%,0,0%,.,.,.,.,.,.,1607390,7%,37000,21%,36077,10%
N/A,Skeena-Queen Charlotte,5947,605,5%,8,4%,20,10%,.,.,.,.,.,.,4948830,21%,77529,44%,140643,40%,110,1%,0,0%,3,1%,.,.,.,.,.,.,1607390,7%,37000,21%,36077,10%
N/A,Kitimat-Stikine,5949,1420,6%,1,1%,19,11%,.,.,.,.,.,.,4948830,21%,77529,44%,140643,40%,510,2%,0,0%,3,2%,.,.,.,.,.,.,1607390,7%,37000,21%,36077,10%
N/A,Bulkley-Nechako,5951,1200,5%,0,0%,11,9%,.,.,.,.,.,.,4948830,21%,77529,44%,140643,40%,270,1%,1,3%,1,1%,.,.,.,.,.,.,1607390,7%,37000,21%,36077,10%
N/A,Fraser-Fort George,5953,3000,5%,4,4%,74,12%,.,.,.,.,.,.,4948830,21%,77529,44%,140643,40%,710,1%,0,0%,12,2%,.,.,.,.,.,.,1607390,7%,37000,21%,36077,10%
N/A,Peace River,5955,1850,4%,0,0%,23,13%,.,.,.,.,.,.,4948830,21%,77529,44%,140643,40%,425,1%,0,0%,2,1%,.,.,.,.,.,.,1607390,7%,37000,21%,36077,10%
N/A,Stikine,5957,20,4%,0,0%,0,0%,.,.,.,.,.,.,4948830,21%,77529,44%,140643,40%,5,1%,1,25%,0,0%,.,.,.,.,.,.,1607390,7%,37000,21%,36077,10%
N/A,Northern Rockies,5959,110,3%,0,0%,0,0%,.,.,.,.,.,.,4948830,21%,77529,44%,140643,40%,45,1%,0,0%,0,0%,.,.,.,.,.,.,1607390,7%,37000,21%,36077,10%
N/A,Yukon,6001,3600,14%,11,4%,98,22%,.,.,.,.,.,.,4948830,21%,77529,44%,140643,40%,1235,5%,8,3%,30,7%,.,.,.,.,.,.,1607390,7%,37000,21%,36077,10%
N/A,Region 1,6101,200,5%,0,0%,9,14%,.,.,.,.,.,.,4948830,21%,77529,44%,140643,40%,55,1%,0,0%,2,3%,.,.,.,.,.,.,1607390,7%,37000,21%,36077,10%
N/A,Region 2,6102,75,5%,0,0%,5,28%,.,.,.,.,.,.,4948830,21%,77529,44%,140643,40%,25,2%,0,0%,2,11%,.,.,.,.,.,.,1607390,7%,37000,21%,36077,10%
N/A,Region 3,6103,15,1%,0,0%,1,7%,.,.,.,.,.,.,4948830,21%,77529,44%,140643,40%,5,0%,0,0%,0,0%,.,.,.,.,.,.,1607390,7%,37000,21%,36077,10%
N/A,Region 4,6104,75,3%,0,0%,2,15%,.,.,.,.,.,.,4948830,21%,77529,44%,140643,40%,25,1%,0,0%,1,8%,.,.,.,.,.,.,1607390,7%,37000,21%,36077,10%
N/A,Region 5,6105,285,6%,0,0%,10,15%,.,.,.,.,.,.,4948830,21%,77529,44%,140643,40%,135,3%,0,0%,4,6%,.,.,.,.,.,.,1607390,7%,37000,21%,36077,10%
N/A,Region 6,6106,2355,16%,13,4%,174,27%,.,.,.,.,.,.,4948830,21%,77529,44%,140643,40%,765,5%,13,4%,58,9%,.,.,.,.,.,.,1607390,7%,37000,21%,36077,10%
N/A,Baffin,6204,970,8%,14,7%,99,26%,.,.,.,.,.,.,4948830,21%,77529,44%,140643,40%,430,4%,16,8%,39,10%,.,.,.,.,.,.,1607390,7%,37000,21%,36077,10%
N/A,Keewatin,6205,175,3%,0,0%,7,12%,.,.,.,.,.,.,4948830,21%,77529,44%,140643,40%,55,1%,0,0%,2,4%,.,.,.,.,.,.,1607390,7%,37000,21%,36077,10%
N/A,Kitikmeot,6208,95,2%,0,0%,6,32%,.,.,.,.,.,.,4948830,21%,77529,44%,140643,40%,30,1%,0,0%,1,5%,.,.,.,.,.,.,1607390,7%,37000,21%,36077,10%
